Category,sum(TotalSales)
Office Supplies,375122.44400000013
Furniture,494122.0969000006
Technology,605739.5920000002
